IP Address,Failed Attempts
5.134.128.102,3
37.9.113.152,608
5.45.207.88,44
37.9.113.36,23
37.9.113.126,23
213.180.203.60,14
5.134.155.181,4
87.250.224.85,12
141.8.132.18,14
151.238.148.138,2
209.97.181.117,5
5.134.155.38,4
178.154.148.114,1
5.134.138.113,6
5.134.147.174,2
37.254.74.30,1
5.134.140.30,6
95.108.181.97,20
206.189.97.201,15
5.134.151.138,20
5.134.155.101,6
5.134.132.154,2
5.134.139.1,1
206.189.108.62,9
209.97.164.130,2
54.244.23.87,4
206.189.27.209,7
80.82.64.127,2
5.134.145.214,1
206.189.99.26,1
206.189.24.168,1
185.222.202.118,1
206.189.105.10,16
206.189.108.113,77
206.189.50.124,24
5.134.140.75,5
206.189.136.7,5
5.134.153.220,4
5.134.150.68,1
5.112.110.146,2
5.134.135.85,3
209.97.187.173,13
87.250.224.78,10
5.134.151.184,49
134.19.177.18,1
206.189.57.11,1
37.9.113.78,5
95.108.181.78,3
37.9.113.155,1
5.255.253.29,3
5.45.207.71,3
178.154.200.16,2
213.180.203.6,2
5.134.149.117,2
5.134.152.27,1
5.134.151.5,2
5.134.135.187,5
5.134.143.134,2
206.189.101.16,3
209.97.134.51,1
206.189.34.95,9
5.134.144.20,11
5.134.135.144,1
206.189.136.10,4
206.189.97.112,123
5.134.153.54,2
206.189.106.138,3
91.99.30.32,17
206.189.108.191,18
5.134.146.228,1
151.239.241.163,220
5.134.154.84,6
5.134.156.53,2
5.134.130.247,1
209.97.138.81,9
5.134.159.53,1
5.134.138.151,3
137.226.113.26,9
206.189.179.17,1
5.134.159.54,4
5.134.153.87,4
209.97.184.148,2
5.134.146.54,1
5.134.152.247,5
5.134.151.31,2
5.134.157.176,1
206.189.206.195,1
206.189.96.155,5
206.189.13.70,11
5.134.148.135,13
5.134.155.236,1
5.134.157.155,3
5.134.154.121,1
5.134.156.167,4
209.97.189.39,64
5.134.145.225,5
5.134.144.160,1
5.134.152.202,1
5.134.150.219,2
37.129.123.102,1
5.134.132.32,1
206.189.101.72,1
206.189.25.39,5
5.134.143.14,3
209.97.162.31,7
5.134.151.62,2
5.134.158.187,5
5.134.152.73,10
5.134.154.79,10
5.134.150.237,6
5.134.159.28,1
5.134.133.10,9
5.134.138.198,1
5.134.129.146,2
209.97.185.54,11
5.134.147.78,1
5.134.133.123,1
5.134.130.74,3
209.97.167.6,1
5.134.142.244,1
5.134.147.50,4
206.189.16.59,37
209.97.190.199,5
5.134.143.246,2
5.134.148.228,3
5.134.154.124,2
5.134.144.149,4
5.134.129.8,6
5.134.159.93,7
5.134.137.40,1
5.134.140.9,5
206.189.29.71,4
5.134.130.132,1
206.189.12.108,2
5.134.144.206,1
5.134.146.211,2
5.134.152.26,1
5.134.141.26,1
206.189.100.128,5
5.134.147.176,8
5.134.150.42,1
5.134.150.172,1
5.134.139.219,1
5.134.146.97,5
5.134.139.213,8
5.134.146.71,5
5.134.139.14,6
5.134.138.248,1
5.134.131.64,2
5.134.142.207,11
5.134.147.53,1
5.134.154.115,3
5.134.144.123,1
206.189.18.125,1
5.134.157.126,4
5.134.140.193,3
5.134.156.63,2
209.97.188.132,1
206.189.12.117,2
206.189.105.108,35
209.97.185.76,36
5.134.141.186,4
5.134.156.203,3
206.189.122.238,12
185.100.87.206,1
5.134.159.178,1
206.189.99.37,1
206.189.1.74,4
206.189.115.166,4
5.134.157.80,1
206.189.110.90,15
5.134.131.21,1
5.134.129.217,1
5.134.158.252,1
5.75.13.204,1
5.134.147.56,9
5.134.141.56,1
5.134.136.118,9
5.134.150.6,3
5.134.153.229,1
185.134.23.230,2
5.134.137.244,3
5.134.158.81,7
5.134.131.26,6
5.134.136.30,1
5.134.135.127,2
5.134.152.148,2
5.134.130.199,1
206.189.17.249,11
206.189.122.162,6
5.134.144.155,2
206.189.101.48,4
37.9.113.182,5
5.134.159.39,1
206.81.24.224,11
5.134.136.205,24
206.189.110.228,14
206.189.97.28,38
5.134.130.149,2
5.134.133.160,1
5.134.132.27,2
86.55.40.48,10
5.134.130.77,1
5.134.152.201,1
5.134.133.92,15
5.134.154.142,12
5.134.145.29,12
86.55.40.152,6
5.134.158.19,2
209.97.191.125,2
141.8.132.36,4
209.97.182.167,14
206.189.106.86,23
5.134.139.134,4
5.134.155.67,4
5.134.135.62,8
86.55.42.99,1
206.189.22.109,1
5.134.144.207,1
206.189.97.131,9
206.189.109.235,4
206.189.15.149,3
206.189.60.239,3
5.134.136.217,2
5.134.151.228,2
5.134.143.229,2
206.81.24.200,2
5.134.135.244,7
5.134.155.46,4
5.134.152.232,1
209.97.187.153,4
5.134.139.98,6
86.55.42.177,9
137.226.113.28,8
5.134.146.6,3
5.134.131.183,4
5.134.155.162,1
209.97.183.114,1
206.189.58.34,14
204.48.24.59,3
5.134.132.72,4
206.189.101.15,6
5.134.145.193,1
206.189.110.83,43
206.189.105.215,2
5.134.145.120,1
5.134.157.186,12
206.189.106.151,19
5.134.134.52,1
206.189.105.100,6
5.134.154.177,2
5.134.140.163,4
5.134.139.187,7
206.189.236.249,1
206.189.98.82,3
5.134.150.46,1
89.198.138.236,1
5.134.152.28,3
5.134.151.162,1
5.134.158.109,4
5.134.157.246,5
5.134.137.1,5
5.134.143.196,8
5.134.154.13,2
5.134.149.146,2
206.189.115.236,5
5.134.130.65,1
5.134.159.77,6
5.134.137.129,7
95.64.94.48,1
5.134.156.89,1
86.55.42.158,1
206.189.109.150,3
5.134.138.188,20
5.134.153.96,4
5.134.154.96,1
172.80.221.50,1
137.226.113.27,2
86.55.43.92,1
5.134.144.125,4
206.81.20.10,9
134.19.177.22,3
5.134.145.80,5
206.189.9.3,14
5.134.157.207,5
5.134.129.101,1
206.189.13.12,4
206.189.105.174,17
206.189.100.125,1
5.134.146.84,1
202.133.247.208,3
206.189.122.181,14
5.134.140.228,1
206.189.67.138,1
104.222.32.84,4
5.134.137.56,1
206.189.102.211,28
206.189.98.174,68
206.81.24.218,5
206.189.105.220,1
5.134.147.107,2
5.134.156.219,5
5.134.144.216,1
5.134.155.183,1
86.55.40.223,2
5.134.156.238,3
5.134.134.10,3
5.134.151.130,2
5.134.154.122,8
5.134.128.55,10
5.134.141.148,2
206.189.28.228,3
86.55.40.29,2
206.189.129.215,1
206.81.24.241,6
5.134.149.82,2
86.55.42.28,14
5.134.147.101,2
5.134.128.99,6
5.134.150.54,5
5.134.159.228,3
206.189.15.16,12
5.134.145.68,3
5.134.153.153,2
206.189.130.43,2
5.78.190.233,23
5.114.144.207,1
209.97.183.89,1
5.134.138.69,1
86.55.42.54,1
5.134.150.192,1
5.134.156.8,1
5.134.152.237,19
5.134.147.74,1
141.8.142.30,3
206.189.31.34,3
87.250.224.105,3
5.134.140.128,4
5.134.137.61,1
5.134.148.253,16
5.134.155.81,3
5.134.137.220,6
5.134.156.32,3
5.134.128.96,2
206.81.16.151,2
5.134.157.32,1
5.134.157.82,26
5.134.128.132,23
86.55.43.80,2
5.134.145.123,1
86.55.43.251,2
5.134.138.135,12
5.117.116.238,3
206.189.18.21,40
5.134.133.138,13
86.55.40.49,1
5.134.139.2,3
134.19.177.23,6
5.134.130.21,1
5.134.137.141,8
5.134.130.106,2
5.134.138.20,2
5.134.145.134,6
5.134.153.226,1
5.134.145.98,2
5.134.133.142,12
5.134.145.33,7
209.97.141.74,4
209.97.183.232,11
206.189.28.133,17
5.134.141.187,5
86.107.85.45,4
5.134.128.193,2
93.104.188.165,8
5.134.153.111,2
5.134.128.202,22
5.134.142.14,1
5.134.132.20,1
5.134.145.172,6
5.134.145.157,4
5.134.146.159,2
5.134.157.104,2
185.134.23.160,1
2.191.142.94,3
5.134.131.167,3
206.81.20.8,1
5.134.128.137,10
206.189.102.123,22
5.134.140.247,7
5.134.140.81,2
5.134.147.196,1
206.189.99.66,1
5.134.134.112,2
5.134.131.147,7
5.134.157.22,2
5.134.148.178,1
5.134.154.248,1
206.81.24.215,14
5.134.142.245,11
5.134.148.2,1
206.189.83.140,4
206.189.109.224,8
5.134.156.3,2
5.134.138.78,4
5.134.156.101,3
5.134.133.24,1
5.134.145.64,2
206.41.186.156,2
5.134.138.122,4
5.134.152.70,2
5.134.154.45,1
5.134.144.115,1
209.97.135.150,2
5.134.147.122,1
5.134.135.66,2
206.189.101.79,5
5.134.151.67,32
5.134.138.100,6
5.134.137.178,5
5.134.158.18,2
206.189.101.145,6
5.134.157.13,4
206.189.58.36,2
206.189.3.226,3
5.134.139.198,2
5.78.77.121,11
5.134.129.214,2
5.134.148.77,8
206.189.101.151,15
5.134.156.127,1
5.134.147.209,2
5.134.155.240,3
5.134.155.221,2
5.134.145.103,1
5.134.142.41,2
5.134.153.218,2
209.97.179.75,1
5.134.148.148,1
5.134.147.229,3
42.236.101.194,2
206.189.199.254,1
206.189.143.20,1
5.134.154.107,5
5.134.131.238,1
5.134.130.176,2
5.134.138.165,5
5.134.151.60,2
5.134.156.113,15
206.189.197.255,1
5.134.135.151,1
5.134.148.111,1
42.236.10.90,1
42.236.10.112,1
5.117.109.183,1
5.134.149.75,2
5.134.156.206,1
5.134.147.119,1
5.134.156.24,1
5.134.157.178,2
162.223.91.56,5
5.134.153.157,6
5.134.149.175,4
5.134.150.178,14
206.189.105.189,1
5.134.155.102,4
86.55.41.46,2
104.36.250.11,12
5.134.153.21,1
5.134.139.110,1
5.134.154.51,3
5.134.146.82,1
5.134.157.163,1
5.134.152.131,5
5.134.155.140,10
5.134.152.67,5
5.134.159.45,4
5.74.90.49,8
5.134.131.38,1
5.134.140.65,3
54.37.235.148,1
5.134.155.99,2
5.134.142.99,2
5.134.148.74,1
5.134.155.34,10
5.134.154.203,10
5.134.135.43,8
5.134.149.95,1
5.134.147.152,1
5.134.151.235,14
5.134.151.27,2
86.55.43.155,6
206.189.37.40,1
5.134.153.6,2
5.134.130.137,1
5.134.146.226,2
5.134.154.204,2
5.134.143.161,6
5.134.149.78,1
206.81.24.230,2
5.134.154.154,2
206.189.98.120,14
209.97.140.26,3
5.134.139.47,1
5.134.145.185,1
206.81.16.85,2
206.81.24.228,2
5.134.137.198,2
5.134.157.144,4
5.134.145.128,2
5.134.147.169,1
5.134.153.79,12
5.134.143.176,40
5.134.134.136,2
5.134.156.221,8
5.134.155.66,2
5.134.151.253,1
206.189.140.34,7
5.134.137.230,3
5.134.149.166,26
209.97.188.244,4
5.134.155.97,1
5.134.143.81,2
5.134.145.253,1
5.134.131.127,2
5.134.159.103,1
5.134.141.54,1
5.134.149.234,2
206.189.108.190,16
5.134.129.14,1
209.97.181.100,1
5.134.150.244,8
209.97.182.198,3
206.189.60.203,2
5.134.149.24,13
5.134.159.233,10
5.134.158.253,23
5.134.150.88,4
5.134.145.55,2
5.134.142.180,4
209.97.183.211,3
5.134.137.166,3
46.140.61.205,1
5.134.140.4,2
5.134.158.246,4
5.134.150.33,13
209.97.179.90,1
5.134.132.136,3
131.220.6.132,1
206.189.124.62,11
5.134.132.31,7
5.134.136.167,2
5.134.149.30,6
5.134.154.77,5
206.189.108.181,1
5.134.154.171,1
5.134.134.200,1
5.134.129.15,6
5.134.140.147,1
5.134.129.126,4
5.134.134.141,4
209.97.190.99,3
5.134.158.230,1
206.189.162.95,15
5.134.138.6,2
5.134.130.135,3
5.134.148.72,1
5.134.130.201,1
5.134.146.234,2
5.134.134.87,2
5.134.155.207,1
5.134.153.75,16
5.134.135.182,1
206.189.50.141,1
5.134.135.163,5
5.134.144.119,22
5.134.151.72,1
5.134.139.132,4
86.55.43.117,1
5.134.140.119,1
86.55.40.23,1
5.134.146.61,1
5.134.155.239,4
5.134.140.48,9
5.134.128.95,40
209.97.177.17,1
5.134.153.4,2
5.134.152.160,7
5.134.128.124,9
206.189.94.236,4
206.189.225.219,4
5.134.129.226,1
5.134.138.121,8
5.134.132.171,1
5.134.144.252,2
206.189.91.125,2
5.134.137.84,1
5.134.155.213,4
5.134.151.76,4
5.134.131.8,2
206.189.17.113,7
5.134.140.16,12
5.134.151.30,1
5.134.152.86,6
5.134.152.209,1
86.55.40.250,1
5.134.155.251,1
209.97.172.244,4
5.134.141.206,3
5.134.152.227,11
5.134.144.78,1
5.134.144.6,2
5.134.141.1,9
5.134.158.221,1
5.134.128.62,3
5.134.157.123,2
5.134.154.41,1
206.189.136.41,1
209.97.142.85,3
5.134.147.138,1
206.189.102.55,22
5.134.130.183,1
5.134.155.107,1
5.134.143.211,2
5.134.154.42,4
5.134.156.90,7
206.189.124.27,3
5.134.153.202,2
206.189.99.220,2
206.189.181.72,1
5.134.156.139,1
5.134.142.70,2
5.134.151.116,2
206.189.128.92,2
86.55.43.237,1
5.134.130.70,31
86.55.43.247,11
5.134.151.84,45
5.134.158.249,1
206.189.163.99,1
5.134.141.52,2
5.134.157.87,2
209.97.180.149,1
5.134.140.225,6
206.189.49.220,2
5.134.138.156,4
5.134.152.36,2
5.134.155.170,3
5.134.128.164,9
5.134.159.120,1
5.134.133.74,1
5.134.155.128,3
86.55.40.181,2
5.134.140.170,3
87.120.36.157,1
5.134.144.208,1
5.134.149.174,5
5.134.146.237,1
5.134.150.167,3
5.134.152.112,3
5.134.134.36,3
209.97.163.160,2
5.134.143.23,4
5.134.153.237,2
5.134.157.33,2
5.134.141.31,2
5.134.141.152,1
5.134.133.194,9
5.134.155.55,1
5.134.151.238,1
5.134.154.201,1
209.97.134.63,1
206.81.24.252,1
5.134.149.151,3
5.134.159.16,1
5.134.145.146,8
5.134.149.57,1
5.134.141.240,1
5.134.144.13,7
5.134.133.83,1
5.134.159.105,2
5.134.134.249,1
5.134.153.162,5
5.134.159.235,1
206.189.99.28,2
42.236.10.109,1
42.236.10.110,1
209.97.141.115,1
86.55.41.246,2
206.189.105.12,7
5.134.143.43,2
5.134.135.55,5
5.134.155.3,1
5.208.226.106,1
5.134.157.222,2
5.134.148.59,7
5.134.145.164,21
5.134.143.76,2
5.134.151.129,2
185.134.23.138,3
5.134.128.45,8
5.134.140.12,3
5.134.151.122,2
5.134.155.129,1
5.134.158.132,13
5.134.155.116,1
86.55.43.179,2
5.134.146.122,3
5.134.151.1,6
206.189.88.211,1
5.134.150.248,2
5.134.151.180,7
209.97.177.175,3
5.134.156.128,2
31.184.238.190,4
5.134.159.127,3
5.134.151.236,4
5.134.128.58,7
5.134.146.210,4
5.134.145.44,2
5.134.132.126,1
185.134.23.141,2
5.134.147.93,2
5.134.146.20,4
5.134.130.114,4
5.134.128.237,19
178.154.200.67,3
5.45.207.24,2
5.134.143.189,2
178.154.171.33,1
5.134.128.174,1
5.134.150.200,2
5.134.159.40,1
206.189.117.216,3
5.134.130.51,1
5.134.140.46,4
5.134.134.131,9
5.134.133.134,1
5.134.147.27,1
185.53.91.42,1
5.134.147.231,4
5.134.149.1,9
5.134.154.10,11
5.134.151.94,7
206.189.105.184,4
86.55.42.31,2
5.134.148.229,1
5.134.131.111,2
5.134.146.235,14
5.134.150.132,2
209.97.178.76,7
5.134.144.158,2
5.134.157.228,3
206.189.99.52,1
5.134.144.136,4
5.134.144.68,4
5.134.154.200,2
5.134.144.212,4
209.97.183.119,22
5.134.148.171,2
206.189.126.166,14
5.134.142.119,2
5.134.156.156,6
5.134.146.253,6
5.134.157.49,2
5.134.158.247,21
5.134.154.182,2
5.134.154.163,29
209.97.187.20,8
5.134.152.125,2
5.134.132.119,2
206.81.31.2,1
5.134.141.230,14
5.134.143.90,2
5.134.156.186,20
5.134.157.121,4
206.81.24.209,4
5.134.150.245,4
206.189.27.76,3
5.134.128.81,8
206.189.30.122,49
86.55.41.193,4
5.134.153.113,5
5.134.131.126,16
5.134.153.188,2
206.189.220.177,2
5.134.155.245,1
206.189.88.191,3
5.134.149.137,14
5.134.129.198,8
5.134.148.230,1
5.134.144.230,1
5.134.140.26,2
206.189.62.214,1
5.134.138.52,10
5.134.140.55,1
5.134.159.196,1
5.134.158.139,2
5.134.140.127,1
206.81.24.80,5
5.134.154.7,1
5.134.142.224,4
5.134.157.204,1
5.134.149.127,2
5.134.156.78,5
5.134.142.94,15
206.189.109.191,5
86.55.40.64,2
185.153.198.217,1
5.134.141.58,2
209.97.136.6,1
5.134.159.112,3
5.134.143.239,3
5.134.137.228,1
185.134.23.235,1
209.97.177.191,1
5.134.145.100,2
206.189.99.31,1
86.55.40.237,33
5.134.134.223,1
5.134.148.243,1
5.106.234.219,1
5.134.142.106,116
209.97.137.222,2
5.134.132.3,1
5.134.149.209,16
5.134.152.187,10
5.134.157.9,6
209.97.189.107,2
206.189.134.211,2
5.134.158.155,1
5.134.153.68,3
5.134.138.71,7
5.134.135.38,2
5.134.155.93,2
86.55.42.161,1
5.134.153.95,7
185.134.23.163,2
5.134.128.92,9
5.134.149.44,6
206.189.99.40,2
5.134.137.51,1
5.134.145.119,2
5.134.154.195,11
5.134.150.247,4
5.134.149.236,4
86.55.40.249,3
5.124.219.38,2
206.189.206.6,1
5.134.156.35,2
206.189.105.249,2
5.134.138.54,1
5.134.150.70,2
5.134.146.225,2
5.134.134.148,4
206.189.227.166,1
5.134.134.165,3
5.134.151.96,1
209.97.168.32,2
5.134.153.148,1
5.134.144.217,4
5.134.144.16,4
5.134.150.57,1
5.134.138.237,4
5.134.129.241,35
5.134.155.105,2
5.134.142.114,1
5.134.158.92,4
185.134.23.240,4
5.134.155.106,7
5.134.142.150,4
5.134.159.155,2
86.55.43.147,1
5.134.149.133,1
5.134.143.38,4
91.99.47.57,34
206.189.20.200,1
5.134.157.53,1
5.134.148.164,1
5.134.139.100,3
206.81.16.99,1
5.134.141.130,12
5.134.142.225,13
5.134.150.160,1
5.134.146.139,7
5.134.158.251,32
86.55.42.191,4
42.236.10.103,1
42.236.10.122,1
5.134.130.151,1
5.134.129.184,1
5.134.136.79,2
5.134.150.222,1
5.134.142.166,9
5.134.157.50,2
209.97.181.179,2
5.134.152.164,5
5.134.131.226,1
5.134.142.164,3
206.189.30.208,3
86.55.43.36,2
5.134.134.101,6
5.134.154.82,9
5.134.157.21,1
5.134.153.196,2
5.134.158.182,8
206.189.109.251,21
5.134.146.220,2
5.134.133.152,1
5.134.156.43,14
5.134.133.220,4
206.81.24.231,2
5.134.143.233,12
209.97.187.151,11
5.134.136.138,2
5.134.150.41,1
5.134.147.197,3
5.134.155.60,2
5.134.154.169,1
209.97.189.217,10
5.134.146.194,1
5.134.145.61,2
5.134.146.8,1
5.134.131.13,1
5.134.148.42,2
206.189.117.41,2
5.104.212.36,1
5.134.155.131,34
185.134.23.231,1
5.134.135.253,4
134.19.177.19,5
209.97.180.41,2
206.189.99.45,2
5.134.148.122,1
5.134.129.192,6
5.134.143.141,1
5.134.144.166,2
2.176.138.136,1
5.134.139.226,9
5.134.136.82,2
5.134.134.144,1
206.81.16.132,7
5.134.149.34,1
5.134.130.90,1
5.134.139.33,2
5.134.158.112,1
5.134.129.203,3
209.97.138.59,4
5.134.143.112,2
5.134.157.184,1
5.134.146.63,4
5.134.128.25,1
83.121.238.117,1
5.134.143.252,2
5.134.151.175,1
5.134.128.8,1
5.134.159.151,1
206.189.30.206,2
5.134.133.209,2
5.134.138.49,1
5.134.146.30,2
5.134.150.229,2
5.134.158.141,1
